{
    "metrics": {
        "http_req_blocked": {
            "avg": 0.05620818713450293,
            "min": 0,
            "med": 0,
            "max": 2.4581,
            "p(90)": 0,
            "p(95)": 0.51842
        },
        "http_req_receiving": {
            "max": 4.201,
            "p(90)": 1.4046900000000002,
            "p(95)": 1.9935799999999988,
            "avg": 0.4917269005847955,
            "min": 0,
            "med": 0.3125
        },
        "checks": {
            "passes": 342,
            "fails": 0,
            "value": 1
        },
        "http_req_failed": {
            "passes": 0,
            "fails": 342,
            "thresholds": {
                "rate<0.10": false
            },
            "value": 0
        },
        "http_req_waiting": {
            "avg": 1065.5601795321645,
            "min": 0.3109,
            "med": 2.10425,
            "max": 11799.9365,
            "p(90)": 1818.5468300000014,
            "p(95)": 10594.537885
        },
        "vus_max": {
            "value": 31,
            "min": 31,
            "max": 31
        },
        "http_reqs": {
            "count": 342,
            "rate": 19.241570975249182
        },
        "vus": {
            "value": 31,
            "min": 31,
            "max": 31
        },
        "data_sent": {
            "rate": 2315.346112118215,
            "count": 41153
        },
        "http_req_tls_handshaking": {
            "max": 0,
            "p(90)": 0,
            "p(95)": 0,
            "avg": 0,
            "min": 0,
            "med": 0
        },
        "iterations": {
            "count": 215,
            "rate": 12.096309238826239
        },
        "successful_signs": {
            "count": 20,
            "rate": 1.1252380687280223
        },
        "iteration_duration": {
            "med": 844.8666,
            "max": 17773.219,
            "p(90)": 11761.47066,
            "p(95)": 12401.9313,
            "avg": 2506.351870232557,
            "min": 497.2867
        },
        "http_req_connecting": {
            "p(90)": 0,
            "p(95)": 0.36845499999999964,
            "avg": 0.041376023391812865,
            "min": 0,
            "med": 0,
            "max": 2.4581
        },
        "signing_duration_ms": {
            "avg": 5903.7037037037035,
            "min": 1,
            "med": 9193,
            "max": 11800,
            "p(90)": 11661.1,
            "p(95)": 11737.449999999999
        },
        "http_req_duration{expected_response:true}": {
            "avg": 1066.0655573099425,
            "min": 0.3675,
            "med": 2.7714,
            "max": 11799.9365,
            "p(90)": 1818.5468300000014,
            "p(95)": 10594.558089999999
        },
        "workflow_failures": {
            "count": 34,
            "rate": 1.9129047168376379
        },
        "data_received": {
            "count": 206737,
            "rate": 11631.417130731257
        },
        "http_req_sending": {
            "min": 0,
            "med": 0,
            "max": 0.7481,
            "p(90)": 0,
            "p(95)": 0,
            "avg": 0.013650877192982457
        },
        "http_req_duration": {
            "p(90)": 1818.5468300000014,
            "p(95)": 10594.558089999999,
            "avg": 1066.0655573099425,
            "min": 0.3675,
            "med": 2.7714,
            "max": 11799.9365
        }
    },
    "root_group": {
        "groups": {},
        "checks": {
                "pending 200": {
                    "name": "pending 200",
                    "path": "::pending 200",
                    "id": "b56fb7fa7af881d17528927b8baea20e",
                    "passes": 288,
                    "fails": 0
                },
                "sign 200": {
                    "passes": 54,
                    "fails": 0,
                    "name": "sign 200",
                    "path": "::sign 200",
                    "id": "ba3cb22db9cc6e8535c40d67972cc1ad"
                }
            },
        "name": "",
        "path": "",
        "id": "d41d8cd98f00b204e9800998ecf8427e"
    }
}