{
    "root_group": {
        "name": "",
        "path": "",
        "id": "d41d8cd98f00b204e9800998ecf8427e",
        "groups": {},
        "checks": {
                "pending 200": {
                    "name": "pending 200",
                    "path": "::pending 200",
                    "id": "b56fb7fa7af881d17528927b8baea20e",
                    "passes": 235,
                    "fails": 0
                }
            }
    },
    "metrics": {
        "http_req_duration": {
            "max": 561.3815,
            "p(90)": 279.2459199999999,
            "p(95)": 415.57691999999975,
            "avg": 53.368083404255266,
            "min": 0.4314,
            "med": 3.9271
        },
        "iteration_duration": {
            "med": 847.5645,
            "max": 5228.3745,
            "p(90)": 1188.488,
            "p(95)": 1191.73,
            "avg": 897.5384672727279,
            "min": 605.8654
        },
        "http_req_waiting": {
            "avg": 52.84749659574463,
            "min": 0.3925,
            "med": 3.5158,
            "max": 560.7381,
            "p(90)": 279.2459199999999,
            "p(95)": 415.57691999999975
        },
        "data_sent": {
            "count": 25556,
            "rate": 4883.431948173862
        },
        "data_received": {
            "count": 37600,
            "rate": 7184.88970305749
        },
        "http_req_sending": {
            "p(95)": 0,
            "avg": 0.024190638297872345,
            "min": 0,
            "med": 0,
            "max": 0.7712,
            "p(90)": 0
        },
        "http_req_receiving": {
            "p(95)": 2.3300299999999994,
            "avg": 0.49639617021276594,
            "min": 0,
            "med": 0,
            "max": 4.0351,
            "p(90)": 1.62668
        },
        "vus": {
            "value": 31,
            "min": 31,
            "max": 31
        },
        "http_req_blocked": {
            "avg": 0.09046085106382978,
            "min": 0,
            "med": 0,
            "max": 2.8258,
            "p(90)": 0.3749199999999998,
            "p(95)": 0.5246399999999998
        },
        "http_req_tls_handshaking": {
            "min": 0,
            "med": 0,
            "max": 0,
            "p(90)": 0,
            "p(95)": 0,
            "avg": 0
        },
        "http_req_connecting": {
            "avg": 0.06687617021276596,
            "min": 0,
            "med": 0,
            "max": 1.9936,
            "p(90)": 0,
            "p(95)": 0.50699
        },
        "iterations": {
            "rate": 31.529436196927815,
            "count": 165
        },
        "http_req_failed": {
            "passes": 0,
            "fails": 235,
            "thresholds": {
                "rate<0.10": false
            },
            "value": 0
        },
        "http_req_duration{expected_response:true}": {
            "p(95)": 415.57691999999975,
            "avg": 53.368083404255266,
            "min": 0.4314,
            "med": 3.9271,
            "max": 561.3815,
            "p(90)": 279.2459199999999
        },
        "vus_max": {
            "value": 31,
            "min": 31,
            "max": 31
        },
        "http_reqs": {
            "count": 235,
            "rate": 44.905560644109315
        },
        "checks": {
            "fails": 0,
            "passes": 235,
            "value": 1
        }
    }
}