{
    "root_group": {
        "name": "",
        "path": "",
        "id": "d41d8cd98f00b204e9800998ecf8427e",
        "groups": {},
        "checks": {
                "pending 200": {
                    "passes": 74,
                    "fails": 0,
                    "name": "pending 200",
                    "path": "::pending 200",
                    "id": "b56fb7fa7af881d17528927b8baea20e"
                }
            }
    },
    "metrics": {
        "http_req_connecting": {
            "p(95)": 0.79399,
            "avg": 0.08713783783783784,
            "min": 0,
            "med": 0,
            "max": 1.2225,
            "p(90)": 0.35497000000000145
        },
        "checks": {
            "fails": 0,
            "passes": 74,
            "value": 1
        },
        "http_req_duration": {
            "med": 2.8547000000000002,
            "max": 8.6729,
            "p(90)": 4.458089999999999,
            "p(95)": 4.793855,
            "avg": 3.0843229729729735,
            "min": 0.7461
        },
        "vus": {
            "value": 11,
            "min": 11,
            "max": 11
        },
        "http_req_blocked": {
            "med": 0,
            "max": 2.4651,
            "p(90)": 0.4502200000000005,
            "p(95)": 0.9336799999999978,
            "avg": 0.12234594594594596,
            "min": 0
        },
        "iteration_duration": {
            "avg": 878.6938237288134,
            "min": 607.3591,
            "med": 816.2142,
            "max": 5024.3967,
            "p(90)": 962.58156,
            "p(95)": 995.61686
        },
        "vus_max": {
            "max": 11,
            "value": 11,
            "min": 11
        },
        "http_req_tls_handshaking": {
            "p(95)": 0,
            "avg": 0,
            "min": 0,
            "med": 0,
            "max": 0,
            "p(90)": 0
        },
        "http_req_duration{expected_response:true}": {
            "avg": 3.0843229729729735,
            "min": 0.7461,
            "med": 2.8547000000000002,
            "max": 8.6729,
            "p(90)": 4.458089999999999,
            "p(95)": 4.793855
        },
        "http_req_waiting": {
            "min": 0.5051,
            "med": 1.86625,
            "max": 8.3139,
            "p(90)": 3.8029,
            "p(95)": 4.020655,
            "avg": 2.1497
        },
        "data_sent": {
            "count": 7999,
            "rate": 1591.8747876944717
        },
        "http_req_sending": {
            "avg": 0.00880945945945946,
            "min": 0,
            "med": 0,
            "max": 0.6519,
            "p(90)": 0,
            "p(95)": 0
        },
        "http_reqs": {
            "count": 74,
            "rate": 14.726682621501551
        },
        "iterations": {
            "count": 59,
            "rate": 11.741544252278263
        },
        "http_req_failed": {
            "fails": 74,
            "passes": 0,
            "thresholds": {
                "rate<0.10": false
            },
            "value": 0
        },
        "http_req_receiving": {
            "med": 0.5639000000000001,
            "max": 4.9449,
            "p(90)": 3.0952800000000007,
            "p(95)": 3.5268149999999983,
            "avg": 0.9258135135135133,
            "min": 0
        },
        "data_received": {
            "count": 11840,
            "rate": 2356.269219440248
        }
    }
}